CREATE DATABASE  IF NOT EXISTS `sgi` /*!40100 DEFAULT CHARACTER SET utf8mb4 COLLATE utf8mb4_0900_ai_ci */ /*!80016 DEFAULT ENCRYPTION='N' */;
USE `sgi`;
-- MySQL dump 10.13  Distrib 8.0.29, for Win64 (x86_64)
--
-- Host: localhost    Database: sgi
-- ------------------------------------------------------
-- Server version	8.0.29

/*!40101 SET @OLD_CHARACTER_SET_CLIENT=@@CHARACTER_SET_CLIENT */;
/*!40101 SET @OLD_CHARACTER_SET_RESULTS=@@CHARACTER_SET_RESULTS */;
/*!40101 SET @OLD_COLLATION_CONNECTION=@@COLLATION_CONNECTION */;
/*!50503 SET NAMES utf8 */;
/*!40103 SET @OLD_TIME_ZONE=@@TIME_ZONE */;
/*!40103 SET TIME_ZONE='+00:00' */;
/*!40014 SET @OLD_UNIQUE_CHECKS=@@UNIQUE_CHECKS, UNIQUE_CHECKS=0 */;
/*!40014 SET @OLD_FOREIGN_KEY_CHECKS=@@FOREIGN_KEY_CHECKS, FOREIGN_KEY_CHECKS=0 */;
/*!40101 SET @OLD_SQL_MODE=@@SQL_MODE, SQL_MODE='NO_AUTO_VALUE_ON_ZERO' */;
/*!40111 SET @OLD_SQL_NOTES=@@SQL_NOTES, SQL_NOTES=0 */;

--
-- Table structure for table `categorias`
--

DROP TABLE IF EXISTS `categorias`;
/*!40101 SET @saved_cs_client     = @@character_set_client */;
/*!50503 SET character_set_client = utf8mb4 */;
CREATE TABLE `categorias` (
  `idCategoria` int NOT NULL AUTO_INCREMENT,
  `categoria` varchar(20) DEFAULT NULL,
  PRIMARY KEY (`idCategoria`)
) ENGINE=InnoDB AUTO_INCREMENT=11 DEFAULT CHARSET=utf8mb4 COLLATE=utf8mb4_0900_ai_ci;
/*!40101 SET character_set_client = @saved_cs_client */;

--
-- Dumping data for table `categorias`
--

LOCK TABLES `categorias` WRITE;
/*!40000 ALTER TABLE `categorias` DISABLE KEYS */;
INSERT INTO `categorias` VALUES (1,'coolers'),(2,'discos-internos-ssd'),(3,'discos-internos'),(4,'fuentes'),(5,'gabinetes'),(6,'memorias-notebook'),(7,'memorias-pc'),(8,'motherboards'),(9,'placas_de_video'),(10,'procesadores');
/*!40000 ALTER TABLE `categorias` ENABLE KEYS */;
UNLOCK TABLES;

--
-- Table structure for table `clientes`
--

DROP TABLE IF EXISTS `clientes`;
/*!40101 SET @saved_cs_client     = @@character_set_client */;
/*!50503 SET character_set_client = utf8mb4 */;
CREATE TABLE `clientes` (
  `idCliente` int NOT NULL AUTO_INCREMENT,
  `nombre` varchar(50) DEFAULT NULL,
  `apellido` varchar(50) DEFAULT NULL,
  `documento` int DEFAULT NULL,
  `telefono` varchar(20) DEFAULT NULL,
  `fechaRegistro` date DEFAULT NULL,
  PRIMARY KEY (`idCliente`)
) ENGINE=InnoDB AUTO_INCREMENT=3 DEFAULT CHARSET=utf8mb4 COLLATE=utf8mb4_0900_ai_ci;
/*!40101 SET character_set_client = @saved_cs_client */;

--
-- Dumping data for table `clientes`
--

LOCK TABLES `clientes` WRITE;
/*!40000 ALTER TABLE `clientes` DISABLE KEYS */;
INSERT INTO `clientes` VALUES (0,'consumidor final','-',0,'0','2022-06-11');
/*!40000 ALTER TABLE `clientes` ENABLE KEYS */;
UNLOCK TABLES;

--
-- Table structure for table `detallepedido`
--

DROP TABLE IF EXISTS `detallepedido`;
/*!40101 SET @saved_cs_client     = @@character_set_client */;
/*!50503 SET character_set_client = utf8mb4 */;
CREATE TABLE `detallepedido` (
  `idPedido` int DEFAULT NULL,
  `idProducto` int DEFAULT NULL,
  `cantidad` int DEFAULT NULL,
  `idDetalle` int NOT NULL AUTO_INCREMENT,
  PRIMARY KEY (`idDetalle`),
  KEY `idPedidoFK_idx` (`idPedido`),
  KEY `idProductoFK_idx` (`idProducto`),
  CONSTRAINT `idPedidoFK` FOREIGN KEY (`idPedido`) REFERENCES `pedidos` (`idPedido`),
  CONSTRAINT `idProductoFK` FOREIGN KEY (`idProducto`) REFERENCES `productos` (`idProducto`)
) ENGINE=InnoDB AUTO_INCREMENT=8 DEFAULT CHARSET=utf8mb4 COLLATE=utf8mb4_0900_ai_ci;
/*!40101 SET character_set_client = @saved_cs_client */;

--
-- Dumping data for table `detallepedido`
--

LOCK TABLES `detallepedido` WRITE;
/*!40000 ALTER TABLE `detallepedido` DISABLE KEYS */;
INSERT INTO `detallepedido` VALUES (38,10,3,5),(38,28,2,6),(38,42,1,7);
/*!40000 ALTER TABLE `detallepedido` ENABLE KEYS */;
UNLOCK TABLES;

--
-- Table structure for table `empleados`
--

DROP TABLE IF EXISTS `empleados`;
/*!40101 SET @saved_cs_client     = @@character_set_client */;
/*!50503 SET character_set_client = utf8mb4 */;
CREATE TABLE `empleados` (
  `idEmpleado` int NOT NULL AUTO_INCREMENT,
  `nombre` varchar(50) DEFAULT NULL,
  `apellido` varchar(50) DEFAULT NULL,
  `documento` int DEFAULT NULL,
  `telefono` varchar(20) DEFAULT NULL,
  `domicilio` varchar(50) DEFAULT NULL,
  `sector` varchar(20) DEFAULT NULL,
  `fechaRegistro` date DEFAULT NULL,
  `usuario` int DEFAULT NULL,
  PRIMARY KEY (`idEmpleado`),
  KEY `usuarioFK_idx` (`usuario`),
  CONSTRAINT `usuarioFK` FOREIGN KEY (`usuario`) REFERENCES `usuarios` (`idUsuarios`)
) ENGINE=InnoDB DEFAULT CHARSET=utf8mb4 COLLATE=utf8mb4_0900_ai_ci;
/*!40101 SET character_set_client = @saved_cs_client */;

--
-- Dumping data for table `empleados`
--

LOCK TABLES `empleados` WRITE;
/*!40000 ALTER TABLE `empleados` DISABLE KEYS */;
/*!40000 ALTER TABLE `empleados` ENABLE KEYS */;
UNLOCK TABLES;

--
-- Table structure for table `pedidos`
--

DROP TABLE IF EXISTS `pedidos`;
/*!40101 SET @saved_cs_client     = @@character_set_client */;
/*!50503 SET character_set_client = utf8mb4 */;
CREATE TABLE `pedidos` (
  `idPedido` int NOT NULL AUTO_INCREMENT,
  `fecha` date DEFAULT NULL,
  `cliente` int DEFAULT NULL,
  `vendedor` int DEFAULT NULL,
  `total` double(8,2) DEFAULT NULL,
  PRIMARY KEY (`idPedido`),
  KEY `vendeforFK_idx` (`vendedor`),
  KEY `clienteFK_idx` (`cliente`),
  CONSTRAINT `clienteFK` FOREIGN KEY (`cliente`) REFERENCES `clientes` (`idCliente`),
  CONSTRAINT `vendeforFK` FOREIGN KEY (`vendedor`) REFERENCES `usuarios` (`idUsuarios`)
) ENGINE=InnoDB AUTO_INCREMENT=53 DEFAULT CHARSET=utf8mb4 COLLATE=utf8mb4_0900_ai_ci;
/*!40101 SET character_set_client = @saved_cs_client */;

--
-- Dumping data for table `pedidos`
--

LOCK TABLES `pedidos` WRITE;
/*!40000 ALTER TABLE `pedidos` DISABLE KEYS */;
INSERT INTO `pedidos` VALUES (38,'2022-08-10',0,1,1831.00),(39,NULL,NULL,NULL,NULL),(40,NULL,NULL,NULL,NULL),(41,NULL,NULL,NULL,NULL),(42,NULL,NULL,NULL,NULL),(43,NULL,NULL,NULL,NULL),(44,NULL,NULL,NULL,NULL),(45,NULL,NULL,NULL,NULL),(46,NULL,NULL,NULL,NULL),(47,NULL,NULL,NULL,NULL),(48,NULL,NULL,NULL,NULL),(49,NULL,NULL,NULL,NULL),(50,NULL,NULL,NULL,NULL),(51,NULL,NULL,NULL,NULL),(52,NULL,NULL,NULL,NULL);
/*!40000 ALTER TABLE `pedidos` ENABLE KEYS */;
UNLOCK TABLES;

--
-- Table structure for table `productos`
--

DROP TABLE IF EXISTS `productos`;
/*!40101 SET @saved_cs_client     = @@character_set_client */;
/*!50503 SET character_set_client = utf8mb4 */;
CREATE TABLE `productos` (
  `idProducto` int NOT NULL AUTO_INCREMENT,
  `categoria` int DEFAULT NULL,
  `marca` varchar(25) DEFAULT NULL,
  `nombre` varchar(100) DEFAULT NULL,
  `precio` double(8,2) DEFAULT NULL,
  `IVA` double(8,2) DEFAULT NULL,
  `stock` int DEFAULT NULL,
  `proveedor` int DEFAULT NULL,
  PRIMARY KEY (`idProducto`),
  KEY `categoriaFK_idx` (`categoria`),
  KEY `proveedorFK_idx` (`proveedor`),
  CONSTRAINT `categoriaFK` FOREIGN KEY (`categoria`) REFERENCES `categorias` (`idCategoria`),
  CONSTRAINT `proveedorFK` FOREIGN KEY (`proveedor`) REFERENCES `proveedor` (`idProveedor`)
) ENGINE=InnoDB AUTO_INCREMENT=203 DEFAULT CHARSET=utf8mb4 COLLATE=utf8mb4_0900_ai_ci;
/*!40101 SET character_set_client = @saved_cs_client */;

--
-- Dumping data for table `productos`
--

LOCK TABLES `productos` WRITE;
/*!40000 ALTER TABLE `productos` DISABLE KEYS */;
INSERT INTO `productos` VALUES (1,1,'THERMALTAKE','Fan Pure 12 ARGB - Pack 3 C/ Controladora',70.23,21.00,NULL,NULL),(2,1,'THERMALTAKE','Pacific C240 Hard Tube Water Cooling Kit',494.13,21.00,NULL,NULL),(3,1,'THERMALTAKE','Pacific C360 Hard Tube Water Cooling Kit',545.12,21.00,NULL,NULL),(4,1,'THERMALTAKE','UX100 - ARGB',23.37,21.00,NULL,NULL),(5,1,'THERMALTAKE','UX200 - ARGB',51.00,21.00,NULL,NULL),(6,1,'COOLER MASTER','Hyper H410R RGB',42.16,21.00,NULL,NULL),(7,1,'THERMALTAKE','Water TH120 AIO - ARGB',91.46,21.00,NULL,NULL),(8,1,'THERMALTAKE','Water TH 360 AIO - ARGB',172.51,21.00,NULL,NULL),(9,1,'COOLER MASTER','MasterAir MA610P ARGB',108.72,21.00,NULL,NULL),(10,1,'THERMALTAKE','Pacific C240 Soft Tube Water Cooling Kit',458.50,21.00,NULL,NULL),(11,1,'THERMALTAKE','Pacific C360 Soft Tube Water Cooling Kit',507.43,21.00,NULL,NULL),(12,1,'COOLER MASTER','Hyper 212 ARGB',46.60,21.00,NULL,NULL),(13,1,'GIGABYTE','AORUS WATERFORCEX280 LCD RGB',310.94,21.00,NULL,NULL),(14,3,'WD','WD Blue 1TB 3.5\" SATA 6 Gb/s',40.43,10.50,NULL,NULL),(21,3,'SEAGATE','1TB SATA 6 Gb/s 64MB Skyhawk',44.38,10.50,NULL,NULL),(22,3,'SEAGATE','2TB SATA 6 Gb/s Barracuda 5900rpm',54.08,10.50,NULL,NULL),(23,3,'WD','WD 8TB 3.5\" Purple SATA 5600R 1',237.28,10.50,NULL,NULL),(24,3,'SEAGATE','2TB SATA 6 Gb/s 64MB  Skyhawk',55.92,10.50,NULL,NULL),(25,3,'WD','WD 10TB 3.5\" Purple iA SATA 720',291.72,10.50,NULL,NULL),(26,3,'WD','WD 2TB 3.5\" Purple SATA 256MB',59.87,10.50,NULL,NULL),(27,2,'KINGSTON','120GB A400 SATA3 2.5\"',24.74,10.50,NULL,NULL),(28,2,'KINGSTON','480GB A400 SATA3 2.5\"',52.68,10.50,NULL,NULL),(29,2,'KINGSTON','960GB 2.5\" SATA3 A400',98.23,10.50,NULL,NULL),(30,2,'CRUCIAL','Crucial 240GB BX500',34.78,10.50,NULL,NULL),(31,2,'CRUCIAL','Crucial 480GB BX500',50.88,10.50,NULL,NULL),(32,2,'GIGABYTE','Gigabyte 240GB SATA 3',30.80,10.50,NULL,NULL),(33,2,'GIGABYTE','Gigabyte 120GB SATA 3',21.28,10.50,NULL,NULL),(34,2,'KINGSTON','240GB A400 M.2 2280',35.65,10.50,NULL,NULL),(35,2,'KINGSTON','KC600 512 GB 2.5\" sata 3 NAND 3D TLC',83.12,10.50,NULL,NULL),(36,2,'KINGSTON','KC600 1024 GB 2.5\" sata 3 NAND 3D TLC',152.76,10.50,NULL,NULL),(37,2,'GIGABYTE','256GB NVMe 1700 MB/s',36.20,10.50,NULL,NULL),(38,2,'HP','M.2 HP PCIe NVMe 2TB EX950 3500Mbps Read',345.76,10.50,NULL,NULL),(39,2,'CRUCIAL','Crucial 250GB MX500',45.01,10.50,NULL,NULL),(40,2,'CRUCIAL','Crucial 500GB MX500',57.20,10.50,NULL,NULL),(41,2,'CRUCIAL','Crucial 1TB MX500',105.19,10.50,NULL,NULL),(42,2,'WD','WD 240GB Green SN350 NVMe gen3 2400MB/S',32.16,10.50,NULL,NULL),(43,2,'WD','WD 480GB Green SN350 NVMe gen3 2400MB/S',50.89,10.50,NULL,NULL),(44,2,'KINGSTON','500GB NV1 M.2 2280 PCIe NVMe',50.42,10.50,NULL,NULL),(45,2,'KINGSTON','1000GB NV1 M.2 2280 PCIe NVMe',94.05,10.50,NULL,NULL),(46,2,'GIGABYTE','Gigabyte 1 Tera SATA 3',104.08,10.50,NULL,NULL),(47,2,'CRUCIAL','Crucial 4TB MX500',359.81,10.50,NULL,NULL),(48,2,'WD','WD 250GB Blue SN570 NVMe gen3 3300MB/S',36.32,10.50,NULL,NULL),(49,2,'WD','WD 500GB Blue SN570 NVMe gen3 3500MB/S',57.03,10.50,NULL,NULL),(50,2,'GIGABYTE','GIGABYTE 1TB NVMe GM21TB 3Gen 3400MB/S',129.42,10.50,NULL,NULL),(51,2,'GIGABYTE','GIGABYTE 500GB GM2500G NVMe 3Gen 3400MB/',73.96,10.50,NULL,NULL),(52,2,'GIGABYTE','GIGABYTE AORUS 500GB NVMe 4Gen 5000MB/S',97.60,10.50,NULL,NULL),(53,2,'GIGABYTE','GIGABYTE M30 512GB NVMe 3Gen 3500MB/S',79.26,10.50,NULL,NULL),(54,2,'GIGABYTE','GIGABYTE AORUS RAID SSD 2TB',523.84,10.50,NULL,NULL),(55,2,'WD','WD 1TB Green 2.5\" SATA 3',97.92,10.50,NULL,NULL),(56,2,'WD','WD 240GB Green 2.5\" SATA 3',29.69,10.50,NULL,NULL),(57,2,'WD','WD 480GB Green 2.5\" SATA 3',49.87,10.50,NULL,NULL),(58,2,'GIGABYTE','GIGABYTE M30 1T NVMe gen3 3500mb/s',136.25,10.50,NULL,NULL),(59,2,'WD','WD 500GB Black SN770 NVMe SSD 5000MB/S',73.43,10.50,NULL,NULL),(60,2,'WD','WD 1T Black SN770 NVMe SSD 5150MB/S',119.22,10.50,NULL,NULL),(61,2,'SEAGATE','1T Firecuda 530 M.2 PCIe 7300 MB/s',315.39,10.50,NULL,NULL),(62,2,'SEAGATE','2T Firecuda 530 M.2 PCIe 7300 MB/s',611.86,10.50,NULL,NULL),(63,4,'CROMAX','Cromax 500W KC-DDA-500',14.70,21.00,NULL,NULL),(64,4,'CROMAX','Cromax  600W KC-DDA-600',17.20,21.00,NULL,NULL),(65,4,'THERMALTAKE','SMART White 430W - 80 Plus',38.90,21.00,NULL,NULL),(66,4,'THERMALTAKE','SMART White 600W - 80 Plus',48.03,21.00,NULL,NULL),(67,4,'THERMALTAKE','TR2 500W',35.09,21.00,NULL,NULL),(68,4,'THERMALTAKE','TR2 600W',38.83,21.00,NULL,NULL),(69,4,'THERMALTAKE','SMART White 500W - 80 Plus',41.62,21.00,NULL,NULL),(70,4,'COOLER MASTER','CM 500W 80 Plus White Elite V4',46.39,21.00,NULL,NULL),(71,4,'CROMAX','Cromax  600W KC-EAA-600 SLIM',19.81,21.00,NULL,NULL),(72,4,'GIGABYTE','Gigabyte P450B 450W 80 PLUS Bronze',42.97,21.00,NULL,NULL),(73,4,'GIGABYTE','Gigabyte P550B 550W 80 PLUS Bronze',54.98,21.00,NULL,NULL),(74,4,'GIGABYTE','Gigabyte AP750GM AORUS 80 Gold mod',136.13,21.00,NULL,NULL),(75,4,'MSI','MSI A750GF 750w 80 Plus Gold C/CABLE',116.86,21.00,NULL,NULL),(76,4,'MSI','MSI A850GF 850w 80 Plus Gold C/CABLE',144.24,21.00,NULL,NULL),(77,5,'CROMAX','Cromax 2801 Kit T+M+P c/fuente 600W',44.50,10.50,NULL,NULL),(78,5,'THERMALTAKE','V100 Negro C/ Fuente 450W',70.36,10.50,NULL,NULL),(79,5,'THERMALTAKE','Level 20 MT Negro - ARGB',101.31,10.50,NULL,NULL),(80,5,'GIGABYTE','Gigabyte AC300G',141.90,10.50,NULL,NULL),(81,5,'THERMALTAKE','View 51 TG Negro - ARGB',207.22,10.50,NULL,NULL),(82,5,'THERMALTAKE','View 51 TG Snow - ARGB',218.73,10.50,NULL,NULL),(83,6,'CRUCIAL','Crucial SODIMM DDR4 8GB 2666MHz',35.53,10.50,NULL,NULL),(84,6,'KINGSTON','SODIMM DDR4 8GB 2666Mhz CL19 1.2V 16 Gbit',36.35,10.50,NULL,NULL),(85,6,'CRUCIAL','Crucial Basic SODIMM DDR4 8GB 2666MHz',27.25,10.50,NULL,NULL),(86,6,'CRUCIAL','Crucial Basic SODIMM DDR4 16GB 2666MHz',60.20,10.50,NULL,NULL),(87,6,'KINGSTON','SODIMM DDR4 16GB 3200Mhz CL22 1.2V 16 Gbit',77.07,10.50,NULL,NULL),(88,6,'KINGSTON','SODIMM DDR4 16GB 2666Mhz CL19 1.2V 16 Gbit',74.06,10.50,NULL,NULL),(89,6,'KINGSTON','SODIMM DDR4 8GB 3200Mhz CL22 1.2V 16 Gbit',38.12,10.50,NULL,NULL),(90,7,'KINGSTON','PC DDR4 8GB 2666HZ 16gbit 1.2V ValueRAM',35.82,10.50,NULL,NULL),(91,7,'CRUCIAL','Crucial PC DDR4 8GB 3200MHz UDIMM',32.05,10.50,NULL,NULL),(92,7,'CRUCIAL','Crucial PC Basics DDR4 8GB 2666MHz UDIMM',27.05,10.50,NULL,NULL),(93,7,'KINGSTON','PC Fury DDR4 8GB 2666 Beast RGB 8 Gbit',40.50,10.50,NULL,NULL),(94,7,'KINGSTON','PC Fury DDR4 8GB 2666 Beast Negra 8 Gbit',37.13,10.50,NULL,NULL),(95,7,'KINGSTON','PC Fury DDR4 8GB 3200 Renegade RGB 8Gbit',51.62,10.50,NULL,NULL),(96,7,'KINGSTON','PC Fury DDR4 8GB 3600 Renegade RGB 8 Gbit',48.25,10.50,NULL,NULL),(97,7,'KINGSTON','PC Fury DDR5 16GB 4800 Beast Negra 16Gbit',119.15,10.50,NULL,NULL),(98,7,'KINGSTON','PC Fury DDR5 32GB (2X16) 4800 Beast 16Gbit',278.78,10.50,NULL,NULL),(99,7,'CRUCIAL','Crucial PC DDR5 8GB 4800 UDIMM',60.45,10.50,NULL,NULL),(100,7,'CRUCIAL','Crucial PC DDR5 16GB 4800 UDIMM',120.27,10.50,NULL,NULL),(101,7,'CRUCIAL','Crucial PC DDR5 32GB 4800 UDIMM',231.91,10.50,NULL,NULL),(102,7,'KINGSTON','PC Fury DDR5 16GB 5200 Beast 16Gbit',142.10,10.50,NULL,NULL),(103,7,'CRUCIAL','Crucial PC DDR4 16GB 3200MHz UDIMM',65.10,10.50,NULL,NULL),(104,7,'GIGABYTE','PC AORUS 32GB (2x16GB) DDR5 5200MHz',344.68,10.50,NULL,NULL),(105,7,'GIGABYTE','PC AORUS RGB 16GB (2x8GB) DDR4 4400MHz',144.25,10.50,NULL,NULL),(106,7,'KINGSTON','PC Fury DDR5 8GB 4800 Beast Negra 16Gbit',59.32,10.50,NULL,NULL),(107,8,'ASUS','(AM4) Prime A320M-K',58.27,10.50,NULL,NULL),(108,8,'GIGABYTE','(AM4) GIGABYTE GA-A320M-S2H V2',56.84,10.50,NULL,NULL),(109,8,'GIGABYTE','(AM4) GIGABYTE B450 GAMING X',95.58,10.50,NULL,NULL),(110,8,'GIGABYTE','(AM4) GIGABYTE GA-A320M-H',63.80,10.50,NULL,NULL),(111,8,'THERMALTAKE','Cobertor de Memorias Ram Pacific R1 Plus - ARGB',45.01,10.50,NULL,NULL),(112,8,'MSI','Mother MSI A320M-A PRO MAX (AM4)',54.40,10.50,NULL,NULL),(113,8,'ASUS','(1200) ROG STRIX B460-H GAMING',142.29,10.50,NULL,NULL),(114,8,'GIGABYTE','(AM4) GIGABYTE B550M DS3H',111.23,10.50,NULL,NULL),(115,8,'GIGABYTE','(AM4) GIGABYTE B450M DS3H V2',78.94,10.50,NULL,NULL),(116,8,'ASUS','(1200) ROG STRIX Z590-E GAMING (WI-FI)',386.71,10.50,NULL,NULL),(117,8,'ASUS','(1200) TUF GAMING Z590-PLUS (WI-FI)',264.69,10.50,NULL,NULL),(118,8,'ASUS','(1200) PRIME B560M-A',110.00,10.50,NULL,NULL),(119,8,'GIGABYTE','(1200) GIGABYTE B560M DS3H AC',128.67,10.50,NULL,NULL),(120,8,'GIGABYTE','(1200) GIGABYTE Z590 AORUS ELITE',212.32,10.50,NULL,NULL),(121,8,'ASROCK','Mother Asrock  H370M-HDV 1151 V.2',62.89,10.50,NULL,NULL),(122,8,'MSI','Mother MSI B560M PRO-VDH (LGA1200)',118.65,10.50,NULL,NULL),(123,8,'MSI','Mother MSI MAG B560M BAZOOKA (LGA1200)',124.96,10.50,NULL,NULL),(124,8,'MSI','Mother MSI MEG Z590 UNIFY (LGA1200)',373.64,10.50,NULL,NULL),(125,8,'GIGABYTE','(1200) GIGABYTE B560M AORUS ELITE',153.35,10.50,NULL,NULL),(126,8,'GIGABYTE','(1200) GIGABYTE B560M DS3H V2',116.11,10.50,NULL,NULL),(127,8,'ASUS','(1200) PRIME B460M-A R2.0',81.79,10.50,NULL,NULL),(128,8,'ASUS','(1700) ROG MAXIMUS Z690 HERO D5',683.81,10.50,NULL,NULL),(129,8,'GIGABYTE','(1700) GIGABYTE Z690 GAMING X DDR4',284.30,10.50,NULL,NULL),(130,8,'GIGABYTE','(1700) GIGABYTE Z690 UD AX DDR4',270.50,10.50,NULL,NULL),(131,8,'MSI','Mother MSI H510M-A PRO (LGA1200)',83.03,10.50,NULL,NULL),(132,8,'ASROCK','Mother Asrock H310CM-HDV 1151',53.79,10.50,NULL,NULL),(133,8,'ASUS','(1700) TUF GAMING Z690-PLUS WIFI D4',373.94,10.50,NULL,NULL),(134,8,'ASUS','(1700) PRIME Z690-P D4',269.28,10.50,NULL,NULL),(135,8,'ASUS','(1700) PRIME Z690-P WIFI D4',284.03,10.50,NULL,NULL),(136,8,'ASUS','(1200) PRIME H570M-PLUS/CSM',146.74,10.50,NULL,NULL),(137,8,'GIGABYTE','(1700) GIGABYTE Z690 AORUS PRO DDR4',397.75,10.50,NULL,NULL),(138,8,'GIGABYTE','(1700) GIGABYTE Z690 UD DDR5',264.63,10.50,NULL,NULL),(139,8,'GIGABYTE','(1700) GIGABYTE H610M S2H DDR4',103.45,10.50,NULL,NULL),(140,8,'GIGABYTE','(1700) GIGABYTE H610M H DDR4',98.43,10.50,NULL,NULL),(141,8,'GIGABYTE','(1700) GIGA B660M AORUS PRO AX DDR4',271.88,10.50,NULL,NULL),(142,8,'GIGABYTE','(1700) GIGA B660M AORUS PRO DDR4',252.04,10.50,NULL,NULL),(143,8,'GIGABYTE','(1700) GIGABYTE B660M DS3H DDR4',159.19,10.50,NULL,NULL),(144,8,'GIGABYTE','Mother (1200) GIGABYTE B560M AORUS PRO AX',186.59,10.50,NULL,NULL),(145,8,'GIGABYTE','Mother (1700) GIGABYTE B660 A MASTER DDR4',315.37,10.50,NULL,NULL),(146,8,'MSI','(1700) PRO H610M-G DDR4 VGA HDMI',98.22,10.50,NULL,NULL),(147,8,'GIGABYTE','(1200) GIGABYTE Z590 AORUS ULTRA',367.49,10.50,NULL,NULL),(148,9,'GIGABYTE','GeForce GTX 1660 SUPER OC 6G',416.14,10.50,NULL,NULL),(149,9,'ASUS','Radeon TUF RX 6800XT O16G GAMING',1542.69,10.50,NULL,NULL),(150,9,'ASUS','Radeon TUF RX 6700XT O12G GAMING',1053.27,10.50,NULL,NULL),(151,9,'ASUS','Radeon TUF RX 6900XT O16G GAMING',1922.32,10.50,NULL,NULL),(152,9,'ASUS','Radeon ROG STRIX LC RX 6900XT T16G GAMING',2902.47,10.50,NULL,NULL),(153,9,'ASUS','GeForce TUF RTX 3080TI O12G GAMING',2148.91,10.50,NULL,NULL),(154,9,'ASUS','GeForce ROG STRIX RTX 3080TI O12G GAMING',2762.45,10.50,NULL,NULL),(155,9,'MSI','MSI GeForce GT 730 2GD3H LP Disipador Pasivo',97.42,10.50,NULL,NULL),(156,9,'ASUS','GeForce TUF RTX 3080TI 12G GAMING',2284.09,10.50,NULL,NULL),(157,9,'MSI','MSI GeForce RTX 3080 Ti VENTUS 3X 12G OC LHR',2144.59,10.50,NULL,NULL),(158,9,'ASUS','GT 730 SL 2GD5 BRK',86.18,10.50,NULL,NULL),(159,9,'GIGABYTE','GeForce GT 730 GPU 2gb GDDR3',83.64,10.50,NULL,NULL),(160,9,'ASROCK','Radeon RX6900XT PHANTON GAMING 16G  DDR6',1840.65,10.50,NULL,NULL),(161,9,'ASUS','GeForce ROG STRIX LC RTX 3080TI 12G GAMING',2341.00,10.50,NULL,NULL),(162,9,'GIGABYTE','Radeon RX 6800 GAMING OC 16G',1256.42,10.50,NULL,NULL),(163,9,'ASUS','Radeon DUAL RX 6700XT O12G',1041.37,10.50,NULL,NULL),(164,9,'ASROCK','Radeon RX6700XT CHALLENGER D 12G',1075.50,10.50,NULL,NULL),(165,9,'MSI','MSI GeForce RTX 3080 GAMING Z TRIO 12G LHR',1794.50,10.50,NULL,NULL),(166,9,'MSI','MSI GeForce RTX 3080 VENTUS 3X PLUS 12G OC',1738.05,10.50,NULL,NULL),(167,9,'ASUS','GeForce TUF RTX3080 O12G GAMING',1839.46,10.50,NULL,NULL),(168,9,'ASUS','GeForce TUF RTX3080 12G GAMING',1802.18,10.50,NULL,NULL),(169,9,'ASROCK','Radeon RX6800XT PHANTOM GAMING D 16G OC',1460.13,10.50,NULL,NULL),(170,9,'ASUS','GeForce DUAL RTX 3050 O8G',522.00,10.50,NULL,NULL),(171,9,'ASUS','GeForce ROG STRIX RTX 3080 O12G GAMING',1889.18,10.50,NULL,NULL),(172,9,'GIGABYTE','GeForce RTX 3080 GAMING OC 12G',1548.65,10.50,NULL,NULL),(173,9,'ASUS','Radeon DUAL-RX6500XT-O4G',391.51,10.50,NULL,NULL),(174,10,'AMD','Ryzen 5 3600 (4.2GHz Turbo) AM4 6 Core',224.65,10.50,NULL,NULL),(175,10,'INTEL','Core i5-10400 SixCore 12M 2.9GHz 1200',182.80,10.50,NULL,NULL),(176,10,'INTEL','Core i5-10400F SixCore 12M 2.9GHz 1200',147.75,10.50,NULL,NULL),(177,10,'AMD','Ryzen 5 5600X (4.6GHz Turbo) AM4 6 Core',253.06,10.50,NULL,NULL),(178,10,'AMD','Ryzen 9 5900X (4.8GHz Turbo) AM4 12 Cor',470.00,10.50,NULL,NULL),(179,10,'INTEL','Core i3-10100F QCore 6MB 3.6GHz 1200',81.15,10.50,NULL,NULL),(180,10,'INTEL','Core i5-11400F SixCore 2.6GHz 1200',170.77,10.50,NULL,NULL),(181,10,'INTEL','Core i3-10105 QCore 6MB 3.7GHz 1200',132.24,10.50,NULL,NULL),(182,10,'INTEL','Core i3-10105F QCore 6MB 3.7GHz 1200',89.30,10.50,NULL,NULL),(183,10,'AMD','Ryzen 5 5600G (3.9GHz Turbo) AM4 6 Core',209.82,10.50,NULL,NULL),(184,10,'AMD','Ryzen 7 5700G (3.8GHz Turbo) AM4 8 Core',340.47,10.50,NULL,NULL),(185,10,'INTEL','Pentium Gold G6405 DCore 4M 4.1GHz 1200',64.34,10.50,NULL,NULL),(186,10,'INTEL','Core i5-12600K 3.7GHz 20MB LGA 1700',343.15,10.50,NULL,NULL),(187,10,'INTEL','Core i7-12700K Core 3.6GHz 25MB 1700',486.71,10.50,NULL,NULL),(188,10,'INTEL','Core i5-9500 SixCore 9M 3GHz 1151v2',211.60,10.50,NULL,NULL),(189,10,'AMD','Ryzen 5 PRO 4650G AM4 c/Cooler Sin Caja',185.42,10.50,NULL,NULL),(190,10,'INTEL','Core i5-12400 2.5GHz 18MB LGA 1700',245.61,10.50,NULL,NULL),(191,10,'INTEL','Core i5-12400F 2.5GHz 18MB LGA 1700',211.07,10.50,NULL,NULL),(192,10,'INTEL','Core i3-12100F QCore 3.30GHz 12MB 1700',120.28,10.50,NULL,NULL),(193,10,'INTEL','Core i7-12700F Core 2.10GHz 25MB 1700',388.49,10.50,NULL,NULL),(194,10,'INTEL','Celeron G6900 DCore 4M 3.4GHz LGA 1700',62.55,10.50,NULL,NULL),(195,10,'AMD','Ryzen 7 5700X 4.6ghz AM4 8 sin cooler',335.91,10.50,NULL,NULL),(196,10,'AMD','Ryzen 5 5600 3.5GHz Turbo AM4 C/cooler',222.80,10.50,NULL,NULL),(197,10,'AMD','Ryzen 5 5500 3.6GHz Turbo AM4 C/cooler',160.23,10.50,NULL,NULL),(198,10,'INTEL','Core i3-12100 QCore 3.30GHz 12MB 1700',158.56,10.50,NULL,NULL),(199,10,'INTEL','Pentium Gold G7400 DCore 6M 3.7GHz 1700',89.45,10.50,NULL,NULL),(200,10,'INTEL','Core i5-12600KF 3.7GHz 20MB LGA 1700',303.88,10.50,NULL,NULL),(201,10,'AMD','Ryzen 7 PRO 4750G AM4 c/Cooler Sin Caja',265.33,10.50,NULL,NULL),(202,10,'AMD','Ryzen 5 4600G AM4 c/Cooler 3.7 Ghz Box',174.59,10.50,NULL,NULL);
/*!40000 ALTER TABLE `productos` ENABLE KEYS */;
UNLOCK TABLES;

--
-- Table structure for table `proveedor`
--

DROP TABLE IF EXISTS `proveedor`;
/*!40101 SET @saved_cs_client     = @@character_set_client */;
/*!50503 SET character_set_client = utf8mb4 */;
CREATE TABLE `proveedor` (
  `idProveedor` int NOT NULL AUTO_INCREMENT,
  `razonSocial` int DEFAULT NULL,
  `cuit` int DEFAULT NULL,
  `telefono` varchar(20) DEFAULT NULL,
  `domicilio` varchar(50) DEFAULT NULL,
  `fechaRegistro` date DEFAULT NULL,
  `proveedor` int DEFAULT NULL,
  PRIMARY KEY (`idProveedor`)
) ENGINE=InnoDB DEFAULT CHARSET=utf8mb4 COLLATE=utf8mb4_0900_ai_ci;
/*!40101 SET character_set_client = @saved_cs_client */;

--
-- Dumping data for table `proveedor`
--

LOCK TABLES `proveedor` WRITE;
/*!40000 ALTER TABLE `proveedor` DISABLE KEYS */;
/*!40000 ALTER TABLE `proveedor` ENABLE KEYS */;
UNLOCK TABLES;

--
-- Table structure for table `usuarios`
--

DROP TABLE IF EXISTS `usuarios`;
/*!40101 SET @saved_cs_client     = @@character_set_client */;
/*!50503 SET character_set_client = utf8mb4 */;
CREATE TABLE `usuarios` (
  `idUsuarios` int NOT NULL AUTO_INCREMENT,
  `usuario` varchar(20) DEFAULT NULL,
  `contraseña` varchar(20) DEFAULT NULL,
  `estado` int DEFAULT NULL,
  PRIMARY KEY (`idUsuarios`)
) ENGINE=InnoDB AUTO_INCREMENT=2 DEFAULT CHARSET=utf8mb4 COLLATE=utf8mb4_0900_ai_ci;
/*!40101 SET character_set_client = @saved_cs_client */;

--
-- Dumping data for table `usuarios`
--

LOCK TABLES `usuarios` WRITE;
/*!40000 ALTER TABLE `usuarios` DISABLE KEYS */;
INSERT INTO `usuarios` VALUES (1,'admin','admin',1);
/*!40000 ALTER TABLE `usuarios` ENABLE KEYS */;
UNLOCK TABLES;
/*!40103 SET TIME_ZONE=@OLD_TIME_ZONE */;

/*!40101 SET SQL_MODE=@OLD_SQL_MODE */;
/*!40014 SET FOREIGN_KEY_CHECKS=@OLD_FOREIGN_KEY_CHECKS */;
/*!40014 SET UNIQUE_CHECKS=@OLD_UNIQUE_CHECKS */;
/*!40101 SET CHARACTER_SET_CLIENT=@OLD_CHARACTER_SET_CLIENT */;
/*!40101 SET CHARACTER_SET_RESULTS=@OLD_CHARACTER_SET_RESULTS */;
/*!40101 SET COLLATION_CONNECTION=@OLD_COLLATION_CONNECTION */;
/*!40111 SET SQL_NOTES=@OLD_SQL_NOTES */;

-- Dump completed on 2022-12-16  3:46:56
